[
  {
    "palavra": "Amarelo",
    "dica": "Cor"
  },
  {
    "palavra": "Amor",
    "dica": "Sentimento"
  },
  {
    "palavra": "Ave",
    "dica": "Animal"
  },
  {
    "palavra": "Avião",
    "dica": "Veiculo"
  },
  {
    "palavra": "Avó",
    "dica": "Parente"
  },
  {
    "palavra": "Bolo",
    "dica": "Comida"
  },
  {
    "palavra": "Branco",
    "dica": "Cor"
  },
  {
    "palavra": "Cama",
    "dica": "Movel"
  },
  {
    "palavra": "Caneca",
    "dica": "Objeto"
  },
  {
    "palavra": "Celular",
    "dica": "Dispositivo"
  },
  {
    "palavra": "Copo",
    "dica": "Objeto"
  },
  {
    "palavra": "Doce",
    "dica": "Comida"
  },
  {
    "palavra": "Elefante",
    "dica": "Animal"
  },
  {
    "palavra": "Escola",
    "dica": "Local"
  },
  {
    "palavra": "Estojo",
    "dica": "Objeto"
  },
  {
    "palavra": "Faca",
    "dica": "Cozinha"
  },
  {
    "palavra": "Garfo",
    "dica": "Cozinha"
  },
  {
    "palavra": "Geleia",
    "dica": "Comida"
  },
  {
    "palavra": "Girafa",
    "dica": "Animal"
  },
  {
    "palavra": "Janela",
    "dica": "Casa"
  },
  {
    "palavra": "Limonada",
    "dica": "Bebida"
  },
  {
    "palavra": "Mãe",
    "dica": "Parente"
  },
  {
    "palavra": "Meia",
    "dica": "Roupa"
  },
  {
    "palavra": "Óculos",
    "dica": "Objeto"
  },
  {
    "palavra": "ônibus",
    "dica": "Veiculo"
  },
  {
    "palavra": "Ovo",
    "dica": "Comida"
  },
  {
    "palavra": "Pai",
    "dica": "Parente"
  },
  {
    "palavra": "Pão",
    "dica": "Comida"
  },
  {
    "palavra": "Passarinho",
    "dica": "Animal"
  },
  {
    "palavra": "Peixe",
    "dica": "Animal"
  },
  {
    "palavra": "Pijama",
    "dica": "Roupa"
  },
  {
    "palavra": "Rato",
    "dica": "Animal"
  },
  {
    "palavra": "Umbigo",
    "dica": "Parte do corpo"
  }
]